"age","annotation_id","annotator","created_at","expression","gender","id","image","lead_time","updated_at"
"senior",62,"1","2024-06-26T18:11:18.001178Z","angry_faces","male",162,"/data/upload/3/566560db-image0000007.jpg",32.997,"2024-06-26T18:11:18.001201Z"
"teenager",64,"1","2024-06-26T18:11:28.741114Z","angry_faces","female",163,"/data/upload/3/e8b01890-image0000012.jpg",9.876000000000001,"2024-06-26T18:12:18.650698Z"
"adult",65,"1","2024-06-26T18:11:33.891289Z","angry_faces","male",164,"/data/upload/3/8e00b59d-image0000035.jpg",4.999,"2024-06-26T18:11:33.891313Z"
"senior",66,"1","2024-06-26T18:11:38.619665Z","angry_faces","female",165,"/data/upload/3/226a493a-image0000066.jpg",4.577,"2024-06-26T18:11:38.619692Z"
"teenager",67,"1","2024-06-26T18:11:44.290881Z","angry_faces","male",166,"/data/upload/3/010491b5-image0000068.jpg",5.517,"2024-06-26T18:11:44.290904Z"
"adult",68,"1","2024-06-26T18:11:50.405364Z","angry_faces","female",167,"/data/upload/3/d2a3b580-image0000132.jpg",5.964,"2024-06-26T18:11:50.405390Z"
"adult",63,"1","2024-06-26T18:11:22.673716Z","angry_faces","male",168,"/data/upload/3/473cb183-image0000288.jpg",4.516,"2024-06-26T18:11:22.673740Z"
"senior",69,"1","2024-06-26T18:12:53.892655Z","angry_faces","male",169,"/data/upload/3/74d17567-image0000294.jpg",10.485,"2024-06-26T18:12:53.892734Z"
"senior",70,"1","2024-06-26T18:13:09.521743Z","angry_faces","male",170,"/data/upload/3/5f2dda46-image0000333.jpg",4.657,"2024-06-26T18:13:09.521768Z"
"teenager",71,"1","2024-06-26T18:13:13.918629Z","angry_faces","female",171,"/data/upload/3/8d221c7b-image0000346.jpg",4.246,"2024-06-26T18:13:13.918655Z"
"teenager",72,"1","2024-06-26T18:13:18.052514Z","angry_faces","female",172,"/data/upload/3/63968ad9-image0000371.jpg",3.984,"2024-06-26T18:13:18.052539Z"
"adult",73,"1","2024-06-26T18:13:22.184138Z","angry_faces","female",173,"/data/upload/3/cfa76ae7-image0000390.jpg",3.979,"2024-06-26T18:13:22.184162Z"
"senior",74,"1","2024-06-26T18:13:28.254670Z","angry_faces","male",174,"/data/upload/3/bc5b89e7-image0000399.jpg",5.915,"2024-06-26T18:13:28.254696Z"
"teenager",75,"1","2024-06-26T18:13:32.484758Z","angry_faces","male",175,"/data/upload/3/6820f32c-image0000450.jpg",4.079,"2024-06-26T18:13:32.484783Z"
"senior",76,"1","2024-06-26T18:13:36.921780Z","angry_faces","male",176,"/data/upload/3/ba7e87ea-image0000470.jpg",4.283,"2024-06-26T18:13:36.921805Z"
"adult",77,"1","2024-06-26T18:13:41.050025Z","angry_faces","male",177,"/data/upload/3/0e00dbe7-image0000540.jpg",3.978,"2024-06-26T18:13:41.050052Z"
"adult",78,"1","2024-06-26T18:13:45.569170Z","angry_faces","male",178,"/data/upload/3/983c06b7-image0000546.jpg",4.367,"2024-06-26T18:13:45.569193Z"
"child",79,"1","2024-06-26T18:13:50.300196Z","angry_faces","male",179,"/data/upload/3/d0685c2a-image0000593.jpg",4.581,"2024-06-26T18:13:50.300220Z"
"adult",80,"1","2024-06-26T18:13:54.652778Z","angry_faces","male",180,"/data/upload/3/9629e7fe-image0000602.jpg",4.197,"2024-06-26T18:13:54.652801Z"
"adult",81,"1","2024-06-26T18:13:58.615661Z","angry_faces","male",181,"/data/upload/3/6bfb8248-image0000643.jpg",3.81,"2024-06-26T18:13:58.615686Z"
"adult",82,"1","2024-06-26T18:14:02.783998Z","angry_faces","female",182,"/data/upload/3/62ae7a9b-image0000697.jpg",4.019,"2024-06-26T18:14:02.784024Z"
"child",83,"1","2024-06-26T18:14:07.232839Z","angry_faces","female",183,"/data/upload/3/4180ef8a-image0000758.jpg",4.298,"2024-06-26T18:14:07.232896Z"
"adult",84,"1","2024-06-26T18:14:13.035824Z","angry_faces","male",184,"/data/upload/3/79eef99a-image0000776.jpg",5.599,"2024-06-26T18:14:13.035852Z"
"child",85,"1","2024-06-26T18:14:17.333348Z","angry_faces","male",185,"/data/upload/3/f0ee17ef-image0000813.jpg",4.135,"2024-06-26T18:14:17.333373Z"
"senior",86,"1","2024-06-26T18:14:21.400201Z","angry_faces","male",186,"/data/upload/3/9e9d8999-image0000923.jpg",3.913,"2024-06-26T18:14:21.400225Z"
"adult",87,"1","2024-06-26T18:14:25.733460Z","angry_faces","male",187,"/data/upload/3/612ca388-image0000932.jpg",4.179,"2024-06-26T18:14:25.733486Z"
"adult",88,"1","2024-06-26T18:17:27.602947Z","angry_faces","female",188,"/data/upload/3/2eaf45ad-image0000965.jpg",181.703,"2024-06-26T18:17:27.602975Z"
"adult",89,"1","2024-06-26T18:17:32.459755Z","angry_faces","male",189,"/data/upload/3/05ba880e-image0000972.jpg",4.684,"2024-06-26T18:17:32.459781Z"
"senior",90,"1","2024-06-26T18:17:36.608046Z","angry_faces","female",190,"/data/upload/3/1efd2743-image0001061.jpg",3.99,"2024-06-26T18:17:36.608072Z"
"teenager",91,"1","2024-06-26T18:17:40.611024Z","angry_faces","female",191,"/data/upload/3/caad825c-image0001062.jpg",3.837,"2024-06-26T18:17:40.611049Z"
"adult",92,"1","2024-06-26T18:17:45.091064Z","angry_faces","male",192,"/data/upload/3/3868fd94-image0001152.jpg",4.323,"2024-06-26T18:17:45.091089Z"
"child",93,"1","2024-06-26T18:17:48.994232Z","angry_faces","male",193,"/data/upload/3/369b7a72-image0001161.jpg",3.745,"2024-06-26T18:17:48.994258Z"
"child",94,"1","2024-06-26T18:17:52.940548Z","angry_faces","male",194,"/data/upload/3/7d8eaaf0-image0001228.jpg",3.794,"2024-06-26T18:17:52.940573Z"
"adult",95,"1","2024-06-26T18:17:57.374715Z","angry_faces","male",195,"/data/upload/3/9ed884e1-image0001244.jpg",4.28,"2024-06-26T18:17:57.374758Z"
"adult",96,"1","2024-06-26T18:18:02.718406Z","angry_faces","male",196,"/data/upload/3/eb07f5d5-image0001258.jpg",5.145,"2024-06-26T18:18:02.718452Z"
"adult",97,"1","2024-06-26T18:18:07.376366Z","angry_faces","male",197,"/data/upload/3/e6c7379a-image0001283.jpg",4.48,"2024-06-26T18:18:07.376391Z"
"adult",98,"1","2024-06-26T18:18:11.724710Z","angry_faces","male",198,"/data/upload/3/39432dff-image0001336.jpg",4.182,"2024-06-26T18:18:11.724735Z"
"adult",99,"1","2024-06-26T18:18:15.657302Z","angry_faces","male",199,"/data/upload/3/29085c2d-image0001365.jpg",3.763,"2024-06-26T18:18:15.657327Z"
"teenager",100,"1","2024-06-26T18:18:20.357321Z","angry_faces","female",200,"/data/upload/3/e9ef1360-image0001375.jpg",4.527,"2024-06-26T18:18:20.357348Z"
"adult",101,"1","2024-06-26T18:18:27.694956Z","angry_faces","female",201,"/data/upload/3/2cbd6114-image0001516.jpg",7.171,"2024-06-26T18:18:27.694982Z"
"adult",102,"1","2024-06-26T18:18:32.357544Z","angry_faces","male",202,"/data/upload/3/7350bdc6-image0001765.jpg",4.478,"2024-06-26T18:18:32.357569Z"
"adult",103,"1","2024-06-26T18:18:36.629258Z","angry_faces","male",203,"/data/upload/3/c85378f5-image0001933.jpg",4.109,"2024-06-26T18:18:36.629288Z"
"adult",104,"1","2024-06-26T18:18:41.241383Z","angry_faces","male",204,"/data/upload/3/97470468-image0002156.jpg",4.436,"2024-06-26T18:18:41.241409Z"
"senior",105,"1","2024-06-26T18:18:45.907791Z","angry_faces","male",205,"/data/upload/3/a2f6b521-image0002243.jpg",4.483,"2024-06-26T18:18:45.907822Z"
"teenager",106,"1","2024-06-26T18:18:49.956074Z","angry_faces","male",206,"/data/upload/3/38e213e9-image0002444.jpg",3.887,"2024-06-26T18:18:49.956099Z"
"senior",107,"1","2024-06-26T18:18:54.855834Z","angry_faces","male",207,"/data/upload/3/60a184ef-image0002491.jpg",4.6,"2024-06-26T18:18:54.855860Z"
"senior",108,"1","2024-06-26T18:18:59.706970Z","angry_faces","male",208,"/data/upload/3/d15e7221-image0002520.jpg",4.668,"2024-06-26T18:18:59.706995Z"
"adult",109,"1","2024-06-26T18:19:05.745578Z","angry_faces","female",209,"/data/upload/3/52e785e4-image0002532.jpg",5.87,"2024-06-26T18:19:05.745606Z"
"senior",110,"1","2024-06-26T18:19:10.937376Z","angry_faces","male",210,"/data/upload/3/9f3ee32a-image0002685.jpg",5.008,"2024-06-26T18:19:10.937403Z"
"senior",111,"1","2024-06-26T18:19:15.862902Z","angry_faces","male",211,"/data/upload/3/7249615b-image0002928.jpg",4.751,"2024-06-26T18:19:15.862928Z"
"adult",112,"1","2024-06-26T18:19:24.672282Z","angry_faces","male",212,"/data/upload/3/05a3ccc7-image0003039.jpg",8.546,"2024-06-26T18:19:24.672307Z"
"teenager",113,"1","2024-06-26T18:19:33.854416Z","angry_faces","male",213,"/data/upload/3/b1d4a6f1-image0003116.jpg",8.996,"2024-06-26T18:19:33.854442Z"
"adult",114,"1","2024-06-26T18:19:37.687187Z","angry_faces","male",214,"/data/upload/3/7c8babf9-image0003161.jpg",3.678,"2024-06-26T18:19:37.687215Z"
"senior",115,"1","2024-06-26T18:19:41.824208Z","angry_faces","male",215,"/data/upload/3/7a3a9dd5-image0003276.jpg",3.956,"2024-06-26T18:19:41.824235Z"
"adult",116,"1","2024-06-26T18:19:47.805409Z","angry_faces","female",216,"/data/upload/3/ad8e50e1-image0003411.jpg",5.811,"2024-06-26T18:19:47.805440Z"
"child",117,"1","2024-06-26T18:19:51.737279Z","angry_faces","male",217,"/data/upload/3/91e19200-image0003670.jpg",3.749,"2024-06-26T18:19:51.737306Z"
"adult",118,"1","2024-06-26T18:20:01.575268Z","angry_faces","male",218,"/data/upload/3/9879b445-image0003762.jpg",9.655,"2024-06-26T18:20:01.575296Z"
"teenager",119,"1","2024-06-26T18:20:05.871627Z","angry_faces","female",219,"/data/upload/3/0297498c-image0003826.jpg",4.124,"2024-06-26T18:20:05.871651Z"
"adult",120,"1","2024-06-26T18:20:10.445365Z","angry_faces","male",220,"/data/upload/3/f545c063-image0003836.jpg",4.406,"2024-06-26T18:20:10.445390Z"
"teenager",121,"1","2024-06-26T18:20:15.584326Z","angry_faces","male",221,"/data/upload/3/b148fd44-image0004021.jpg",4.957,"2024-06-26T18:20:15.584354Z"
"adult",122,"1","2024-06-26T18:20:19.734746Z","angry_faces","female",222,"/data/upload/3/1b1cba91-image0004357.jpg",3.988,"2024-06-26T18:20:19.734772Z"
"child",123,"1","2024-06-26T18:20:24.035383Z","angry_faces","female",223,"/data/upload/3/0c464928-image0004445.jpg",4.128,"2024-06-26T18:20:24.035410Z"
"senior",124,"1","2024-06-26T18:20:29.841205Z","angry_faces","male",224,"/data/upload/3/85265815-image0004496.jpg",5.624,"2024-06-26T18:20:29.841248Z"
"adult",125,"1","2024-06-26T18:20:34.003278Z","angry_faces","male",225,"/data/upload/3/5ddecdba-image0004816.jpg",3.986,"2024-06-26T18:20:34.003303Z"
"child",126,"1","2024-06-26T18:20:38.795398Z","angry_faces","male",226,"/data/upload/3/5787c468-image0004949.jpg",4.62,"2024-06-26T18:20:38.795424Z"
"adult",127,"1","2024-06-26T18:20:43.041050Z","angry_faces","male",227,"/data/upload/3/57361e03-image0004970.jpg",4.068,"2024-06-26T18:20:43.041075Z"
"child",128,"1","2024-06-26T18:20:49.430921Z","angry_faces","female",228,"/data/upload/3/bd984a07-image0004989.jpg",6.215,"2024-06-26T18:20:49.430947Z"
"teenager",129,"1","2024-06-26T18:20:54.069750Z","angry_faces","male",229,"/data/upload/3/121be144-image0005267.jpg",4.449,"2024-06-26T18:20:54.069773Z"
"teenager",130,"1","2024-06-26T18:20:58.268986Z","angry_faces","female",230,"/data/upload/3/5feaf6f6-image0005303.jpg",4.026,"2024-06-26T18:20:58.269010Z"
"teenager",131,"1","2024-06-26T18:21:02.438783Z","angry_faces","female",231,"/data/upload/3/6bc1911a-image0005304.jpg",3.998,"2024-06-26T18:21:02.438811Z"
"adult",132,"1","2024-06-26T18:21:07.013765Z","angry_faces","male",232,"/data/upload/3/eb2311bf-image0005315.jpg",4.404,"2024-06-26T18:21:07.013792Z"
"senior",133,"1","2024-06-26T18:21:14.384450Z","angry_faces","male",233,"/data/upload/3/525b5f2c-image0005505.jpg",7.208,"2024-06-26T18:21:14.384519Z"
"senior",134,"1","2024-06-26T18:21:18.645433Z","angry_faces","male",234,"/data/upload/3/d229de65-image0005660.jpg",4.077,"2024-06-26T18:21:18.645458Z"
"senior",135,"1","2024-06-26T18:21:22.846337Z","angry_faces","male",235,"/data/upload/3/78264e9a-image0005921.jpg",4.031,"2024-06-26T18:21:22.846365Z"
"senior",136,"1","2024-06-26T18:21:28.692653Z","angry_faces","male",236,"/data/upload/3/39d12809-image0005935.jpg",5.653,"2024-06-26T18:21:28.692683Z"
"adult",137,"1","2024-06-26T18:21:33.729314Z","angry_faces","male",237,"/data/upload/3/1815635b-image0006020.jpg",4.875,"2024-06-26T18:21:33.729341Z"
"adult",138,"1","2024-06-26T18:21:40.051672Z","angry_faces","female",238,"/data/upload/3/c199d390-image0006142.jpg",6.139,"2024-06-26T18:21:40.051700Z"
"teenager",139,"1","2024-06-26T18:21:45.376283Z","angry_faces","female",239,"/data/upload/3/dbb25881-image0006147.jpg",5.158,"2024-06-26T18:21:45.376308Z"
"child",140,"1","2024-06-26T18:21:49.987766Z","angry_faces","female",240,"/data/upload/3/58ecc3b1-image0006224.jpg",4.424,"2024-06-26T18:21:49.987794Z"
"adult",141,"1","2024-06-26T18:21:54.946706Z","angry_faces","male",241,"/data/upload/3/0b1fa2a6-image0006322.jpg",4.766,"2024-06-26T18:21:54.946736Z"
"senior",142,"1","2024-06-26T18:21:59.506605Z","","male",242,"/data/upload/3/1534be21-image0006544.jpg",4.366,"2024-06-26T18:21:59.506633Z"
"adult",143,"1","2024-06-26T18:22:03.424981Z","angry_faces","male",243,"/data/upload/3/223c01e6-image0006582.jpg",3.759,"2024-06-26T18:22:03.425007Z"
"adult",144,"1","2024-06-26T18:22:09.322361Z","angry_faces","male",244,"/data/upload/3/905144d6-image0006597.jpg",5.721,"2024-06-26T18:22:09.322388Z"
"adult",145,"1","2024-06-26T18:22:13.706781Z","angry_faces","male",245,"/data/upload/3/1cfbcfd6-image0006608.jpg",4.222,"2024-06-26T18:22:13.706806Z"
"adult",146,"1","2024-06-26T18:22:18.421346Z","angry_faces","male",246,"/data/upload/3/9b3ef4c0-image0006816.jpg",4.54,"2024-06-26T18:22:18.421373Z"
"adult",147,"1","2024-06-26T18:22:22.774104Z","angry_faces","female",247,"/data/upload/3/3aee52e0-image0006839.jpg",4.177,"2024-06-26T18:22:22.774132Z"
"adult",148,"1","2024-06-26T18:22:27.784531Z","angry_faces","male",248,"/data/upload/3/70d6c5e0-image0006965.jpg",4.838,"2024-06-26T18:22:27.784556Z"
"child",149,"1","2024-06-26T18:22:33.986366Z","angry_faces","male",249,"/data/upload/3/f5e8e6b9-image0006967.jpg",6.028,"2024-06-26T18:22:33.986392Z"
"senior",150,"1","2024-06-26T18:22:38.096544Z","angry_faces","male",250,"/data/upload/3/51cdac98-image0006976.jpg",3.922,"2024-06-26T18:22:38.096570Z"
"child",151,"1","2024-06-26T18:22:42.505767Z","angry_faces","female",251,"/data/upload/3/1ddb69f1-image0007271.jpg",4.249,"2024-06-26T18:22:42.505795Z"
"teenager",152,"1","2024-06-26T18:22:47.288419Z","angry_faces","male",252,"/data/upload/3/317179fd-image0007993.jpg",4.606,"2024-06-26T18:22:47.288444Z"
"adult",153,"1","2024-06-26T18:22:51.644406Z","angry_faces","male",253,"/data/upload/3/8a8384d0-image0008218.jpg",4.157,"2024-06-26T18:22:51.644434Z"
"child",154,"1","2024-06-26T18:22:56.160764Z","angry_faces","male",254,"/data/upload/3/c2965aa2-image0008345.jpg",4.346,"2024-06-26T18:22:56.160789Z"
"adult",155,"1","2024-06-26T18:23:01.273760Z","","male",255,"/data/upload/3/80521ab7-image0008631.jpg",4.949,"2024-06-26T18:23:01.273787Z"
"senior",156,"1","2024-06-26T18:23:05.351886Z","angry_faces","male",256,"/data/upload/3/31918a08-image0008877.jpg",3.898,"2024-06-26T18:23:05.351912Z"
"senior",157,"1","2024-06-26T18:23:09.820774Z","angry_faces","female",257,"/data/upload/3/ee1d85ec-image0008900.jpg",4.293,"2024-06-26T18:23:09.820799Z"
"adult",158,"1","2024-06-26T18:23:14.737159Z","angry_faces","female",258,"/data/upload/3/878f647b-image0008970.jpg",4.736,"2024-06-26T18:23:14.737184Z"
"adult",159,"1","2024-06-26T18:23:19.172890Z","angry_faces","female",259,"/data/upload/3/46a27633-image0009099.jpg",4.269,"2024-06-26T18:23:19.172932Z"
"adult",160,"1","2024-06-26T18:23:24.817148Z","angry_faces","male",260,"/data/upload/3/d0bd9c30-image0009216.jpg",5.469,"2024-06-26T18:23:24.817176Z"
"child",161,"1","2024-06-26T18:23:29.769816Z","angry_faces","female",261,"/data/upload/3/287a35f3-image0009249.jpg",4.784,"2024-06-26T18:23:29.769842Z"
"adult",162,"1","2024-06-26T20:19:19.877562Z","neutral_faces","female",663,"/data/upload/6/87c87a2d-image0000048.jpg",8.777,"2024-06-26T20:19:19.877604Z"
"adult",163,"1","2024-06-26T20:19:24.463022Z","neutral_faces","male",664,"/data/upload/6/33581f7c-image0000272.jpg",4.323,"2024-06-26T20:19:24.463048Z"
"teenager",164,"1","2024-06-26T20:19:28.843011Z","neutral_faces","female",665,"/data/upload/6/b086931c-image0000304.jpg",4.23,"2024-06-26T20:19:28.843037Z"
"teenager",165,"1","2024-06-26T20:19:33.380565Z","neutral_faces","male",666,"/data/upload/6/06393d63-image0000306.jpg",4.382,"2024-06-26T20:19:33.380589Z"
"teenager",166,"1","2024-06-26T20:19:38.027122Z","neutral_faces","female",667,"/data/upload/6/a5ee6789-image0000315.jpg",4.497,"2024-06-26T20:19:38.027157Z"
"adult",167,"1","2024-06-26T20:19:42.642284Z","neutral_faces","female",668,"/data/upload/6/716c0d6c-image0000328.jpg",4.464,"2024-06-26T20:19:42.642310Z"
"adult",168,"1","2024-06-26T20:19:47.478347Z","neutral_faces","male",669,"/data/upload/6/5e2f124e-image0000329.jpg",4.685,"2024-06-26T20:19:47.478371Z"
"adult",169,"1","2024-06-26T20:19:52.290989Z","neutral_faces","male",670,"/data/upload/6/9488fa67-image0000489.jpg",4.663,"2024-06-26T20:19:52.291060Z"
"senior",170,"1","2024-06-26T20:19:57.110840Z","neutral_faces","male",671,"/data/upload/6/0e2a0e79-image0000517.jpg",4.666,"2024-06-26T20:19:57.110865Z"
"adult",171,"1","2024-06-26T20:20:01.574492Z","neutral_faces","male",672,"/data/upload/6/188ffd99-image0000661.jpg",4.315,"2024-06-26T20:20:01.574516Z"
"adult",172,"1","2024-06-26T20:20:06.129005Z","neutral_faces","female",673,"/data/upload/6/eec31276-image0000662.jpg",4.394,"2024-06-26T20:20:06.129032Z"
"teenager",173,"1","2024-06-26T20:20:12.597039Z","neutral_faces","female",674,"/data/upload/6/47cfbfbb-image0000664.jpg",6.292,"2024-06-26T20:20:12.597064Z"
"adult",174,"1","2024-06-26T20:23:41.679391Z","neutral_faces","male",675,"/data/upload/6/5f0e1615-image0000666.jpg",208.777,"2024-06-26T20:23:41.679414Z"
"adult",175,"1","2024-06-26T20:23:50.013156Z","neutral_faces","female",676,"/data/upload/6/61a9dc3e-image0000672.jpg",8.182,"2024-06-26T20:23:50.013178Z"
"adult",176,"1","2024-06-26T20:23:55.160796Z","neutral_faces","male",677,"/data/upload/6/28a94b60-image0000738.jpg",4.997,"2024-06-26T20:23:55.160821Z"
"adult",177,"1","2024-06-26T20:23:59.645076Z","neutral_faces","female",678,"/data/upload/6/dcde0ad2-image0000846.jpg",4.333,"2024-06-26T20:23:59.645100Z"
"child",178,"1","2024-06-26T20:24:03.824476Z","neutral_faces","male",679,"/data/upload/6/78f547ec-image0000856.jpg",4.033,"2024-06-26T20:24:03.824501Z"
"teenager",179,"1","2024-06-26T20:24:10.362281Z","neutral_faces","male",680,"/data/upload/6/9b58d5e1-image0000884.jpg",6.39,"2024-06-26T20:24:10.362305Z"
"teenager",180,"1","2024-06-26T20:24:18.028365Z","neutral_faces","female",681,"/data/upload/6/66ae6cd3-image0000892.jpg",7.515,"2024-06-26T20:24:18.028387Z"
"adult",181,"1","2024-06-26T20:24:22.627705Z","neutral_faces","male",682,"/data/upload/6/adba6a9c-image0000894.jpg",4.441,"2024-06-26T20:24:22.627731Z"
"adult",182,"1","2024-06-26T20:24:27.475179Z","neutral_faces","male",683,"/data/upload/6/f7f46e92-image0000919.jpg",4.689,"2024-06-26T20:24:27.475205Z"
"adult",183,"1","2024-06-26T20:24:34.012804Z","neutral_faces","female",684,"/data/upload/6/5a3e6bdd-image0000931.jpg",6.386,"2024-06-26T20:24:34.012827Z"
"adult",184,"1","2024-06-26T20:24:38.840305Z","neutral_faces","male",685,"/data/upload/6/6b227188-image0000936.jpg",4.679,"2024-06-26T20:24:38.840332Z"
"child",185,"1","2024-06-26T20:24:43.310353Z","neutral_faces","female",686,"/data/upload/6/40bdb8a1-image0001156.jpg",4.319,"2024-06-26T20:24:43.310380Z"
"child",186,"1","2024-06-26T20:24:48.743158Z","neutral_faces","male",687,"/data/upload/6/0c15deda-image0001195.jpg",5.258,"2024-06-26T20:24:48.743182Z"
"teenager",187,"1","2024-06-26T20:24:53.444489Z","neutral_faces","female",688,"/data/upload/6/539c1d38-image0001209.jpg",4.548,"2024-06-26T20:24:53.444513Z"
"adult",188,"1","2024-06-26T20:24:58.208472Z","neutral_faces","male",689,"/data/upload/6/e6f0371c-image0001230.jpg",4.612,"2024-06-26T20:24:58.208497Z"
"teenager",189,"1","2024-06-26T20:25:04.811759Z","neutral_faces","female",690,"/data/upload/6/24a29241-image0001344.jpg",6.451,"2024-06-26T20:25:04.811784Z"
"adult",190,"1","2024-06-26T20:25:09.290412Z","neutral_faces","male",691,"/data/upload/6/5c0d1e43-image0001355.jpg",4.33,"2024-06-26T20:25:09.290437Z"
"senior",191,"1","2024-06-26T20:25:14.375315Z","neutral_faces","female",692,"/data/upload/6/ac1fc005-image0001356.jpg",4.933,"2024-06-26T20:25:14.375338Z"
"adult",192,"1","2024-06-26T20:25:18.392200Z","neutral_faces","male",693,"/data/upload/6/9a6a4648-image0001357.jpg",3.856,"2024-06-26T20:25:18.392225Z"
"adult",193,"1","2024-06-26T20:25:22.893831Z","neutral_faces","male",694,"/data/upload/6/b6ef753e-image0001542.jpg",4.348,"2024-06-26T20:25:22.893854Z"
"adult",194,"1","2024-06-26T20:25:30.341777Z","neutral_faces","male",695,"/data/upload/6/9ab00d3e-image0001547.jpg",7.29,"2024-06-26T20:25:30.341802Z"
"adult",195,"1","2024-06-26T20:25:34.359051Z","neutral_faces","female",696,"/data/upload/6/5c375d87-image0001597.jpg",3.864,"2024-06-26T20:25:34.359075Z"
"adult",196,"1","2024-06-26T20:25:41.325707Z","neutral_faces","female",697,"/data/upload/6/de359f04-image0001744.jpg",6.813,"2024-06-26T20:25:41.325731Z"
"child",197,"1","2024-06-26T20:25:45.244582Z","neutral_faces","male",698,"/data/upload/6/8c769bcb-image0001769.jpg",3.75,"2024-06-26T20:25:45.244607Z"
"child",198,"1","2024-06-26T20:25:49.606533Z","neutral_faces","female",699,"/data/upload/6/c51bc7dd-image0001793.jpg",4.2,"2024-06-26T20:25:49.606557Z"
"adult",199,"1","2024-06-26T20:25:54.876544Z","neutral_faces","male",700,"/data/upload/6/bf7c9a1c-image0001989.jpg",5.116,"2024-06-26T20:25:54.876567Z"
"teenager",200,"1","2024-06-26T20:26:00.775039Z","neutral_faces","female",701,"/data/upload/6/6b9e253f-image0002073.jpg",5.743,"2024-06-26T20:26:00.775064Z"
"adult",201,"1","2024-06-26T20:26:05.393564Z","neutral_faces","male",702,"/data/upload/6/f9371b45-image0002098.jpg",4.458,"2024-06-26T20:26:05.393587Z"
"adult",202,"1","2024-06-26T20:26:15.790130Z","neutral_faces","male",703,"/data/upload/6/ed5f149f-image0002263.jpg",10.242,"2024-06-26T20:26:15.790152Z"
"adult",203,"1","2024-06-26T20:26:19.976447Z","neutral_faces","male",704,"/data/upload/6/dde09631-image0002303.jpg",4.02,"2024-06-26T20:26:19.976472Z"
"adult",204,"1","2024-06-26T20:26:25.006051Z","neutral_faces","female",705,"/data/upload/6/deeaa055-image0002313.jpg",4.88,"2024-06-26T20:26:25.006076Z"
"senior",205,"1","2024-06-26T20:26:29.590424Z","neutral_faces","male",706,"/data/upload/6/1ab6d8a0-image0002471.jpg",4.43,"2024-06-26T20:26:29.590449Z"
"child",206,"1","2024-06-26T20:26:34.525327Z","neutral_faces","female",707,"/data/upload/6/d84ca7f7-image0002474.jpg",4.776,"2024-06-26T20:26:34.525354Z"
"teenager",207,"1","2024-06-26T20:26:38.791092Z","neutral_faces","male",708,"/data/upload/6/a75243bc-image0002502.jpg",3.965,"2024-06-26T20:26:38.791123Z"
"adult",208,"1","2024-06-26T20:26:43.040289Z","neutral_faces","female",709,"/data/upload/6/881cd472-image0002844.jpg",4.083,"2024-06-26T20:26:43.040313Z"
"adult",209,"1","2024-06-26T20:26:48.155937Z","neutral_faces","male",710,"/data/upload/6/96a1f393-image0002895.jpg",4.963,"2024-06-26T20:26:48.155961Z"
"adult",210,"1","2024-06-26T20:39:47.088675Z","neutral_faces","male",711,"/data/upload/6/4a2d64ea-image0002897.jpg",778.743,"2024-06-26T20:39:47.088702Z"
"adult",211,"1","2024-06-26T20:39:52.185186Z","neutral_faces","male",712,"/data/upload/6/d4a4d94c-image0002931.jpg",4.933,"2024-06-26T20:39:52.185210Z"
"adult",212,"1","2024-06-26T20:39:57.433848Z","neutral_faces","male",713,"/data/upload/6/90607298-image0003143.jpg",5.103,"2024-06-26T20:39:57.433873Z"
"teenager",213,"1","2024-06-26T20:40:04.755623Z","neutral_faces","female",714,"/data/upload/6/86fcfd04-image0003153.jpg",7.172,"2024-06-26T20:40:04.755648Z"
"adult",214,"1","2024-06-26T20:40:09.631164Z","neutral_faces","male",715,"/data/upload/6/f9c84ca9-image0003184.jpg",4.723,"2024-06-26T20:40:09.631187Z"
"adult",215,"1","2024-06-26T20:40:14.555225Z","neutral_faces","female",716,"/data/upload/6/559b7857-image0003190.jpg",4.771,"2024-06-26T20:40:14.555248Z"
"adult",216,"1","2024-06-26T20:40:19.917613Z","neutral_faces","male",717,"/data/upload/6/a9a80a51-image0003193.jpg",5.217,"2024-06-26T20:40:19.917636Z"
"adult",217,"1","2024-06-26T20:40:24.567288Z","neutral_faces","male",718,"/data/upload/6/46fdead8-image0003195.jpg",4.506,"2024-06-26T20:40:24.567311Z"
"senior",218,"1","2024-06-26T20:40:29.350891Z","neutral_faces","male",719,"/data/upload/6/2bffd386-image0003219.jpg",4.634,"2024-06-26T20:40:29.350914Z"
"adult",219,"1","2024-06-26T20:40:33.516889Z","neutral_faces","female",720,"/data/upload/6/3d8f3d7a-image0003343.jpg",4.018,"2024-06-26T20:40:33.516913Z"
"adult",220,"1","2024-06-26T20:40:38.133006Z","neutral_faces","male",721,"/data/upload/6/ee525ac6-image0003344.jpg",4.47,"2024-06-26T20:40:38.133032Z"
"adult",221,"1","2024-06-26T20:40:43.527689Z","neutral_faces","female",722,"/data/upload/6/aba2b79f-image0003378.jpg",5.254,"2024-06-26T20:40:43.527717Z"
"adult",222,"1","2024-06-26T20:40:48.198067Z","neutral_faces","male",723,"/data/upload/6/b3f8d8d9-image0003383.jpg",4.516,"2024-06-26T20:40:48.198092Z"
"adult",223,"1","2024-06-26T20:40:52.502805Z","neutral_faces","female",724,"/data/upload/6/e989c56f-image0003545.jpg",4.156,"2024-06-26T20:40:52.502830Z"
"teenager",224,"1","2024-06-26T20:40:56.598303Z","neutral_faces","female",725,"/data/upload/6/a0e05b92-image0003554.jpg",3.95,"2024-06-26T20:40:56.598327Z"
"teenager",225,"1","2024-06-26T20:41:00.716464Z","neutral_faces","female",726,"/data/upload/6/6454304b-image0003595.jpg",3.969,"2024-06-26T20:41:00.716488Z"
"adult",226,"1","2024-06-26T20:41:05.250299Z","neutral_faces","male",727,"/data/upload/6/d3b9bada-image0003608.jpg",4.382,"2024-06-26T20:41:05.250324Z"
"adult",227,"1","2024-06-26T20:41:09.851740Z","neutral_faces","male",728,"/data/upload/6/fbd38440-image0003619.jpg",4.45,"2024-06-26T20:41:09.851763Z"
"senior",228,"1","2024-06-26T20:41:14.332131Z","neutral_faces","male",729,"/data/upload/6/19d9a616-image0003747.jpg",4.331,"2024-06-26T20:41:14.332157Z"
"adult",229,"1","2024-06-26T20:42:09.944907Z","neutral_faces","female",730,"/data/upload/6/5cd8e947-image0003750.jpg",55.427,"2024-06-26T20:42:09.944930Z"
"adult",230,"1","2024-06-26T20:42:16.297809Z","neutral_faces","male",731,"/data/upload/6/b4330acf-image0003755.jpg",6.205,"2024-06-26T20:42:16.297836Z"
"teenager",231,"1","2024-06-26T20:42:21.434091Z","neutral_faces","female",732,"/data/upload/6/519dd0cf-image0003783.jpg",4.974,"2024-06-26T20:42:21.434115Z"
"adult",232,"1","2024-06-26T20:42:28.114989Z","neutral_faces","male",733,"/data/upload/6/89d55853-image0003816.jpg",6.534,"2024-06-26T20:42:28.115013Z"
"teenager",233,"1","2024-06-26T20:42:33.586170Z","neutral_faces","female",734,"/data/upload/6/10a1642f-image0004171.jpg",5.317,"2024-06-26T20:42:33.586201Z"
"senior",234,"1","2024-06-26T20:42:37.915537Z","neutral_faces","male",735,"/data/upload/6/05724027-image0004229.jpg",4.163,"2024-06-26T20:42:37.915561Z"
"adult",235,"1","2024-06-26T20:42:44.532106Z","neutral_faces","female",736,"/data/upload/6/5c974a66-image0004366.jpg",6.464,"2024-06-26T20:42:44.532129Z"
"adult",236,"1","2024-06-26T20:42:48.512006Z","neutral_faces","female",737,"/data/upload/6/b7c0e787-image0004372.jpg",3.833,"2024-06-26T20:42:48.512031Z"
"adult",237,"1","2024-06-26T20:42:53.948770Z","neutral_faces","female",738,"/data/upload/6/71ce9f1f-image0004416.jpg",5.284,"2024-06-26T20:42:53.948795Z"
"adult",238,"1","2024-06-26T20:42:58.280856Z","neutral_faces","male",739,"/data/upload/6/4ac4a724-image0004558.jpg",4.181,"2024-06-26T20:42:58.280881Z"
"adult",239,"1","2024-06-26T20:43:04.999469Z","neutral_faces","male",740,"/data/upload/6/94ce32e0-image0004600.jpg",6.567,"2024-06-26T20:43:04.999532Z"
"teenager",240,"1","2024-06-26T20:43:09.496095Z","neutral_faces","male",741,"/data/upload/6/44f3c577-image0004748.jpg",4.327,"2024-06-26T20:43:09.496120Z"
"adult",241,"1","2024-06-26T20:43:13.814362Z","neutral_faces","male",742,"/data/upload/6/46f96ec6-image0004765.jpg",4.157,"2024-06-26T20:43:13.814385Z"
"adult",242,"1","2024-06-26T20:43:17.761656Z","neutral_faces","male",743,"/data/upload/6/186fba95-image0004772.jpg",3.801,"2024-06-26T20:43:17.761683Z"
"adult",243,"1","2024-06-26T20:43:21.813631Z","neutral_faces","male",744,"/data/upload/6/010690bc-image0004823.jpg",3.901,"2024-06-26T20:43:21.813654Z"
"teenager",244,"1","2024-06-26T20:43:27.295634Z","neutral_faces","female",745,"/data/upload/6/5f75c05e-image0004837.jpg",5.331,"2024-06-26T20:43:27.295659Z"
"adult",245,"1","2024-06-26T20:43:31.365969Z","neutral_faces","female",746,"/data/upload/6/9b4b4c68-image0004955.jpg",3.916,"2024-06-26T20:43:31.365992Z"
"adult",246,"1","2024-06-26T20:43:36.061955Z","neutral_faces","female",747,"/data/upload/6/da1bbc96-image0004992.jpg",4.545,"2024-06-26T20:43:36.061981Z"
"child",247,"1","2024-06-26T20:43:39.877999Z","neutral_faces","female",748,"/data/upload/6/3064dbed-image0005052.jpg",3.66,"2024-06-26T20:43:39.878026Z"
"adult",248,"1","2024-06-26T20:43:49.278914Z","neutral_faces","male",749,"/data/upload/6/f9efef2e-image0005133.jpg",9.233,"2024-06-26T20:43:49.278938Z"
"adult",249,"1","2024-06-26T20:43:53.895890Z","neutral_faces","male",750,"/data/upload/6/edc4a8c2-image0005242.jpg",4.459,"2024-06-26T20:43:53.895915Z"
"teenager",250,"1","2024-06-26T20:43:58.195586Z","neutral_faces","female",751,"/data/upload/6/a1c2ca89-image0005252.jpg",4.148,"2024-06-26T20:43:58.195612Z"
"adult",251,"1","2024-06-26T20:44:02.678960Z","neutral_faces","female",752,"/data/upload/6/54602d30-image0005283.jpg",4.329,"2024-06-26T20:44:02.678986Z"
"senior",252,"1","2024-06-26T20:44:07.326580Z","neutral_faces","male",753,"/data/upload/6/67c51b8c-image0005331.jpg",4.494,"2024-06-26T20:44:07.326605Z"
"teenager",253,"1","2024-06-26T20:44:11.262691Z","neutral_faces","female",754,"/data/upload/6/4157abc3-image0005336.jpg",3.783,"2024-06-26T20:44:11.262715Z"
"adult",254,"1","2024-06-26T20:44:32.777063Z","neutral_faces","male",755,"/data/upload/6/c8ed2c99-image0005481.jpg",21.36,"2024-06-26T20:44:32.777086Z"
"teenager",255,"1","2024-06-26T20:46:11.871706Z","neutral_faces","male",756,"/data/upload/6/38c0356e-image0005494.jpg",98.898,"2024-06-26T20:46:11.871729Z"
"teenager",256,"1","2024-06-26T20:46:16.207987Z","neutral_faces","male",757,"/data/upload/6/5fac713c-image0005520.jpg",4.178,"2024-06-26T20:46:16.208014Z"
"adult",257,"1","2024-06-26T20:46:20.224588Z","neutral_faces","female",758,"/data/upload/6/58c5ad9b-image0005645.jpg",3.869,"2024-06-26T20:46:20.224610Z"
"adult",258,"1","2024-06-26T20:46:27.509207Z","neutral_faces","male",759,"/data/upload/6/e658c7fe-image0005694.jpg",7.131,"2024-06-26T20:46:27.509232Z"
"adult",259,"1","2024-06-26T20:46:31.475123Z","neutral_faces","female",760,"/data/upload/6/8b91e2a8-image0005695.jpg",3.811,"2024-06-26T20:46:31.475145Z"
"adult",260,"1","2024-06-26T20:46:37.589944Z","neutral_faces","female",761,"/data/upload/6/984a2535-image0005859.jpg",5.961,"2024-06-26T20:46:37.589969Z"
"adult",261,"1","2024-06-26T20:46:41.756583Z","neutral_faces","female",762,"/data/upload/6/fb04a5a5-image0005915.jpg",4.012,"2024-06-26T20:46:41.756609Z"
"age","annotation_id","annotator","created_at","expression","gender","id","image","lead_time","updated_at"
"adult",262,"1","2024-06-26T21:25:56.144370Z","happy_faces","female",763,"/data/upload/7/ff5e5975-image0000030.jpg",5.848,"2024-06-26T21:25:56.144448Z"
"child",263,"1","2024-06-26T21:26:01.055607Z","happy_faces","female",764,"/data/upload/7/8f877ffb-image0000072.jpg",4.705,"2024-06-26T21:26:01.055641Z"
"adult",264,"1","2024-06-26T21:26:06.066793Z","happy_faces","female",765,"/data/upload/7/425aaca5-image0000089.jpg",4.793,"2024-06-26T21:26:06.066828Z"
"adult",265,"1","2024-06-26T21:26:12.109238Z","happy_faces","female",766,"/data/upload/7/5b3521b0-image0000102.jpg",5.815,"2024-06-26T21:26:12.109270Z"
"adult",266,"1","2024-06-26T21:26:16.524548Z","happy_faces","male",767,"/data/upload/7/a9e477f2-image0000115.jpg",4.206,"2024-06-26T21:26:16.524580Z"
"adult",267,"1","2024-06-26T21:26:21.740574Z","happy_faces","male",768,"/data/upload/7/742f0868-image0000119.jpg",5.008,"2024-06-26T21:26:21.740609Z"
"child",268,"1","2024-06-26T21:26:27.856376Z","happy_faces","female",769,"/data/upload/7/b66094b7-image0000129.jpg",5.903,"2024-06-26T21:26:27.856409Z"
"teenager",269,"1","2024-06-26T21:26:32.138532Z","happy_faces","male",770,"/data/upload/7/880ceebf-image0000131.jpg",4.085,"2024-06-26T21:26:32.138565Z"
"teenager",270,"1","2024-06-26T21:26:37.275204Z","happy_faces","female",771,"/data/upload/7/ce2458d5-image0000136.jpg",4.927,"2024-06-26T21:26:37.275237Z"
"child",271,"1","2024-06-26T21:26:41.371603Z","happy_faces","male",772,"/data/upload/7/29ddc1d4-image0000142.jpg",3.895,"2024-06-26T21:26:41.371636Z"
"teenager",272,"1","2024-06-26T21:26:45.299268Z","happy_faces","female",773,"/data/upload/7/03c696de-image0000150.jpg",3.717,"2024-06-26T21:26:45.299307Z"
"senior",273,"1","2024-06-26T21:26:51.254476Z","happy_faces","male",774,"/data/upload/7/9c99cafb-image0000172.jpg",5.736,"2024-06-26T21:26:51.254509Z"
"adult",274,"1","2024-06-26T21:26:56.027375Z","happy_faces","male",775,"/data/upload/7/8218ced7-image0000181.jpg",4.546,"2024-06-26T21:26:56.027407Z"
"adult",275,"1","2024-06-26T21:27:01.101471Z","happy_faces","male",776,"/data/upload/7/8c56484c-image0000192.jpg",4.857,"2024-06-26T21:27:01.101504Z"
"adult",276,"1","2024-06-26T21:27:05.871832Z","happy_faces","female",777,"/data/upload/7/b0adbad9-image0000193.jpg",4.567,"2024-06-26T21:27:05.871863Z"
"adult",277,"1","2024-06-26T21:27:10.205311Z","happy_faces","female",778,"/data/upload/7/985764e1-image0000208.jpg",4.098,"2024-06-26T21:27:10.205342Z"
"teenager",278,"1","2024-06-26T21:27:14.351838Z","happy_faces","male",779,"/data/upload/7/5f0aba89-image0000209.jpg",3.947,"2024-06-26T21:27:14.351872Z"
"adult",279,"1","2024-06-26T21:27:18.749448Z","happy_faces","female",780,"/data/upload/7/9f3da837-image0000227.jpg",4.201,"2024-06-26T21:27:18.749480Z"
"senior",280,"1","2024-06-26T21:27:23.021687Z","happy_faces","male",781,"/data/upload/7/c76cdeb9-image0000234.jpg",4.065,"2024-06-26T21:27:23.021723Z"
"senior",281,"1","2024-06-26T21:27:27.735879Z","happy_faces","male",782,"/data/upload/7/ea672904-image0000249.jpg",4.506,"2024-06-26T21:27:27.735911Z"
"adult",282,"1","2024-06-26T21:27:33.438839Z","happy_faces","female",783,"/data/upload/7/98c96c5a-image0000254.jpg",5.502,"2024-06-26T21:27:33.438870Z"
"adult",283,"1","2024-06-26T21:28:52.187872Z","happy_faces","female",784,"/data/upload/7/ffe93128-image0000257.jpg",78.514,"2024-06-26T21:28:52.187903Z"
"adult",284,"1","2024-06-26T21:28:56.167258Z","happy_faces","female",785,"/data/upload/7/50442535-image0000259.jpg",3.785,"2024-06-26T21:28:56.167290Z"
"adult",285,"1","2024-06-26T21:29:00.415548Z","happy_faces","male",786,"/data/upload/7/c6a8b93e-image0000265.jpg",4.055,"2024-06-26T21:29:00.415579Z"
"adult",286,"1","2024-06-26T21:29:05.867440Z","happy_faces","female",787,"/data/upload/7/1af41de0-image0000286.jpg",5.261,"2024-06-26T21:29:05.867471Z"
"adult",287,"1","2024-06-26T21:29:10.947797Z","happy_faces","male",788,"/data/upload/7/ed5fb3a0-image0000317.jpg",4.879,"2024-06-26T21:29:10.947829Z"
"adult",288,"1","2024-06-26T21:29:15.348904Z","happy_faces","female",789,"/data/upload/7/7e99b8b4-image0000321.jpg",4.206,"2024-06-26T21:29:15.348936Z"
"adult",289,"1","2024-06-26T21:29:20.750101Z","happy_faces","female",790,"/data/upload/7/05f06333-image0000335.jpg",5.208,"2024-06-26T21:29:20.750132Z"
"adult",290,"1","2024-06-26T21:29:25.068449Z","happy_faces","female",791,"/data/upload/7/3ff966a6-image0000336.jpg",4.124,"2024-06-26T21:29:25.068481Z"
"senior",291,"1","2024-06-26T21:29:29.296955Z","happy_faces","male",792,"/data/upload/7/79933457-image0000341.jpg",4.035,"2024-06-26T21:29:29.296987Z"
"adult",292,"1","2024-06-26T21:29:33.532718Z","happy_faces","male",793,"/data/upload/7/d4dcb168-image0000349.jpg",4.039,"2024-06-26T21:29:33.532751Z"
"adult",293,"1","2024-06-26T21:29:38.214933Z","happy_faces","male",794,"/data/upload/7/260920c1-image0000376.jpg",4.488,"2024-06-26T21:29:38.214965Z"
"adult",294,"1","2024-06-26T21:29:43.232373Z","happy_faces","male",795,"/data/upload/7/b9038a10-image0000386.jpg",4.823,"2024-06-26T21:29:43.232405Z"
"teenager",295,"1","2024-06-26T21:29:47.095957Z","happy_faces","female",796,"/data/upload/7/7f4a7cf5-image0000393.jpg",3.67,"2024-06-26T21:29:47.095988Z"
"teenager",296,"1","2024-06-26T21:29:52.199953Z","happy_faces","female",797,"/data/upload/7/7df30e7f-image0000403.jpg",4.905,"2024-06-26T21:29:52.199986Z"
"teenager",297,"1","2024-06-26T21:29:56.562579Z","happy_faces","female",798,"/data/upload/7/37f29f52-image0000404.jpg",4.169,"2024-06-26T21:29:56.562612Z"
"adult",298,"1","2024-06-26T21:30:01.014538Z","happy_faces","male",799,"/data/upload/7/d1bb71b2-image0000411.jpg",4.259,"2024-06-26T21:30:01.014575Z"
"adult",299,"1","2024-06-26T21:30:06.780559Z","happy_faces","male",800,"/data/upload/7/206d336b-image0000459.jpg",5.574,"2024-06-26T21:30:06.780671Z"
"senior",300,"1","2024-06-26T21:30:10.832219Z","happy_faces","male",801,"/data/upload/7/489d6522-image0000460.jpg",3.858,"2024-06-26T21:30:10.832252Z"
"senior",301,"1","2024-06-26T21:30:14.763640Z","happy_faces","male",802,"/data/upload/7/34ff4e45-image0000475.jpg",3.738,"2024-06-26T21:30:14.763673Z"
"adult",302,"1","2024-06-26T21:30:21.799679Z","happy_faces","female",803,"/data/upload/7/28e6e261-image0000476.jpg",6.835,"2024-06-26T21:30:21.799712Z"
"senior",303,"1","2024-06-26T21:30:26.007357Z","happy_faces","female",804,"/data/upload/7/0ed6711f-image0000482.jpg",3.989,"2024-06-26T21:30:26.007390Z"
"adult",304,"1","2024-06-26T21:30:30.380730Z","happy_faces","male",805,"/data/upload/7/e918ef96-image0000487.jpg",4.177,"2024-06-26T21:30:30.380761Z"
"adult",305,"1","2024-06-26T21:30:46.048683Z","happy_faces","female",806,"/data/upload/7/2e6fea6c-image0000495.jpg",15.47,"2024-06-26T21:30:46.048714Z"
"child",306,"1","2024-06-26T21:30:51.382775Z","happy_faces","female",807,"/data/upload/7/c935a901-image0000516.jpg",5.125,"2024-06-26T21:30:51.382807Z"
"child",307,"1","2024-06-26T21:30:56.396815Z","happy_faces","male",808,"/data/upload/7/512c6417-image0000538.jpg",4.82,"2024-06-26T21:30:56.396847Z"
"senior",308,"1","2024-06-26T21:31:00.480843Z","happy_faces","female",809,"/data/upload/7/f13c05b5-image0000572.jpg",3.888,"2024-06-26T21:31:00.480875Z"
"adult",309,"1","2024-06-26T21:31:04.613310Z","happy_faces","female",810,"/data/upload/7/b7f5ecb0-image0000590.jpg",3.94,"2024-06-26T21:31:04.613345Z"
"adult",310,"1","2024-06-26T21:31:09.129760Z","happy_faces","female",811,"/data/upload/7/63eb0ca2-image0000595.jpg",4.322,"2024-06-26T21:31:09.129798Z"
"adult",311,"1","2024-06-26T21:31:13.948338Z","happy_faces","male",812,"/data/upload/7/e8385f66-image0000606.jpg",4.623,"2024-06-26T21:31:13.948371Z"
"senior",312,"1","2024-06-26T21:31:19.730568Z","happy_faces","male",813,"/data/upload/7/a8113b5f-image0000611.jpg",5.589,"2024-06-26T21:31:19.730600Z"
"child",313,"1","2024-06-26T21:31:24.096433Z","happy_faces","female",814,"/data/upload/7/6de4c3ff-image0000619.jpg",4.17,"2024-06-26T21:31:24.096468Z"
"adult",314,"1","2024-06-26T21:31:28.446034Z","happy_faces","male",815,"/data/upload/7/b20d988b-image0000658.jpg",4.148,"2024-06-26T21:31:28.446068Z"
"adult",315,"1","2024-06-26T21:31:32.695637Z","happy_faces","male",816,"/data/upload/7/eb611199-image0000711.jpg",4.056,"2024-06-26T21:31:32.695671Z"
"senior",316,"1","2024-06-26T21:31:37.730060Z","happy_faces","female",817,"/data/upload/7/941bb1fd-image0000712.jpg",4.835,"2024-06-26T21:31:37.730099Z"
"adult",317,"1","2024-06-26T21:31:42.077653Z","happy_faces","female",818,"/data/upload/7/0f418c95-image0000719.jpg",4.153,"2024-06-26T21:31:42.077685Z"
"adult",318,"1","2024-06-26T21:31:48.514682Z","happy_faces","male",819,"/data/upload/7/dac3e284-image0000728.jpg",6.242,"2024-06-26T21:31:48.514714Z"
"senior",319,"1","2024-06-26T21:31:52.611858Z","happy_faces","female",820,"/data/upload/7/49e07b93-image0000733.jpg",3.901,"2024-06-26T21:31:52.611890Z"
"teenager",320,"1","2024-06-26T21:31:57.795949Z","happy_faces","male",821,"/data/upload/7/86f666c4-image0000744.jpg",4.987,"2024-06-26T21:31:57.795984Z"
"adult",321,"1","2024-06-26T21:32:03.063985Z","happy_faces","female",822,"/data/upload/7/0e5ba3ed-image0000747.jpg",5.068,"2024-06-26T21:32:03.064017Z"
"adult",322,"1","2024-06-26T21:32:07.617571Z","happy_faces","female",823,"/data/upload/7/0ea63bbb-image0000748.jpg",4.352,"2024-06-26T21:32:07.617603Z"
"teenager",323,"1","2024-06-26T21:32:11.848820Z","happy_faces","female",824,"/data/upload/7/68806856-image0000764.jpg",4.001,"2024-06-26T21:32:11.848851Z"
"child",324,"1","2024-06-26T21:32:17.947485Z","happy_faces","female",825,"/data/upload/7/a95d40d0-image0000769.jpg",5.901,"2024-06-26T21:32:17.947517Z"
"adult",325,"1","2024-06-26T21:32:22.860561Z","happy_faces","female",826,"/data/upload/7/02505392-image0000793.jpg",4.718,"2024-06-26T21:32:22.860594Z"
"adult",326,"1","2024-06-26T21:32:27.095488Z","happy_faces","female",827,"/data/upload/7/99fa77a6-image0000794.jpg",4.039,"2024-06-26T21:32:27.095520Z"
"adult",327,"1","2024-06-26T21:32:30.945168Z","happy_faces","male",828,"/data/upload/7/652fab9f-image0000817.jpg",3.655,"2024-06-26T21:32:30.945199Z"
"adult",328,"1","2024-06-26T21:32:35.830659Z","happy_faces","female",829,"/data/upload/7/d8e127a8-image0000873.jpg",4.686,"2024-06-26T21:32:35.830692Z"
"child",329,"1","2024-06-26T21:32:41.062858Z","happy_faces","female",830,"/data/upload/7/9ad5e264-image0000890.jpg",5.031,"2024-06-26T21:32:41.062891Z"
"adult",330,"1","2024-06-26T21:32:47.911656Z","happy_faces","male",831,"/data/upload/7/d7fa5316-image0000903.jpg",6.648,"2024-06-26T21:32:47.911690Z"
"adult",331,"1","2024-06-26T21:32:53.028424Z","happy_faces","male",832,"/data/upload/7/32c4d8d0-image0000913.jpg",4.902,"2024-06-26T21:32:53.028456Z"
"adult",332,"1","2024-06-26T21:32:57.979157Z","happy_faces","female",833,"/data/upload/7/7e946035-image0000922.jpg",4.75,"2024-06-26T21:32:57.979194Z"
"adult",333,"1","2024-06-26T21:33:01.760480Z","happy_faces","male",834,"/data/upload/7/5894b57f-image0001034.jpg",3.585,"2024-06-26T21:33:01.760512Z"
"adult",334,"1","2024-06-26T21:33:05.711079Z","happy_faces","female",835,"/data/upload/7/7563ae95-image0001050.jpg",3.753,"2024-06-26T21:33:05.711111Z"
"adult",335,"1","2024-06-26T21:33:09.977432Z","happy_faces","male",836,"/data/upload/7/bdeeffd1-image0001073.jpg",4.067,"2024-06-26T21:33:09.977464Z"
"senior",336,"1","2024-06-26T21:33:14.334641Z","happy_faces","female",837,"/data/upload/7/03e37471-image0001080.jpg",4.151,"2024-06-26T21:33:14.334674Z"
"teenager",337,"1","2024-06-26T21:33:18.894774Z","happy_faces","male",838,"/data/upload/7/f1b5c658-image0001108.jpg",4.359,"2024-06-26T21:33:18.894806Z"
"adult",338,"1","2024-06-26T21:33:23.361678Z","happy_faces","female",839,"/data/upload/7/f22ca106-image0001135.jpg",4.267,"2024-06-26T21:33:23.361713Z"
"teenager",339,"1","2024-06-26T21:33:27.560422Z","happy_faces","female",840,"/data/upload/7/8425cbe1-image0001137.jpg",4.0,"2024-06-26T21:33:27.560455Z"
"teenager",340,"1","2024-06-26T21:33:32.508812Z","happy_faces","female",841,"/data/upload/7/07ed432b-image0001177.jpg",4.721,"2024-06-26T21:33:32.508844Z"
"adult",341,"1","2024-06-26T21:33:36.776709Z","happy_faces","male",842,"/data/upload/7/92e8f969-image0001189.jpg",4.066,"2024-06-26T21:33:36.776742Z"
"senior",342,"1","2024-06-26T21:33:41.128650Z","happy_faces","female",843,"/data/upload/7/43206651-image0001207.jpg",4.15,"2024-06-26T21:33:41.128713Z"
"senior",343,"1","2024-06-26T21:33:46.878545Z","angry_faces","male",844,"/data/upload/7/5a6a8f41-image0001217.jpg",5.546,"2024-06-26T21:33:46.878576Z"
"adult",344,"1","2024-06-26T21:33:51.377252Z","happy_faces","female",845,"/data/upload/7/d2d896e3-image0001233.jpg",4.3,"2024-06-26T21:33:51.377283Z"
"adult",345,"1","2024-06-26T21:33:56.226977Z","happy_faces","female",846,"/data/upload/7/f3de34c0-image0001285.jpg",4.651,"2024-06-26T21:33:56.227009Z"
"senior",346,"1","2024-06-26T21:34:01.145840Z","happy_faces","male",847,"/data/upload/7/0d4a5be1-image0001289.jpg",4.717,"2024-06-26T21:34:01.145872Z"
"child",347,"1","2024-06-26T21:34:05.525252Z","happy_faces","male",848,"/data/upload/7/594c8dd5-image0001293.jpg",4.184,"2024-06-26T21:34:05.525285Z"
"adult",348,"1","2024-06-26T21:34:09.909438Z","happy_faces","male",849,"/data/upload/7/530e45f7-image0001299.jpg",4.182,"2024-06-26T21:34:09.909470Z"
"adult",349,"1","2024-06-26T21:34:15.142041Z","happy_faces","female",850,"/data/upload/7/a373e49c-image0001315.jpg",5.032,"2024-06-26T21:34:15.142073Z"
"child",350,"1","2024-06-26T21:34:20.027042Z","happy_faces","female",851,"/data/upload/7/ea4df8a7-image0001326.jpg",4.676,"2024-06-26T21:34:20.027073Z"
"child",351,"1","2024-06-26T21:34:24.977730Z","happy_faces","female",852,"/data/upload/7/e766f684-image0001346.jpg",4.749,"2024-06-26T21:34:24.977762Z"
"teenager",352,"1","2024-06-26T21:34:32.194550Z","happy_faces","female",853,"/data/upload/7/044f7f75-image0001409.jpg",7.009,"2024-06-26T21:34:32.194584Z"
"adult",353,"1","2024-06-26T21:34:37.861174Z","happy_faces","female",854,"/data/upload/7/d99640ac-image0001430.jpg",5.462,"2024-06-26T21:34:37.861207Z"
"adult",354,"1","2024-06-26T21:34:41.825758Z","happy_faces","female",855,"/data/upload/7/d6cb5862-image0001442.jpg",3.761,"2024-06-26T21:34:41.825793Z"
"senior",355,"1","2024-06-26T21:34:46.084999Z","happy_faces","female",856,"/data/upload/7/b3121322-image0001485.jpg",4.046,"2024-06-26T21:34:46.085052Z"
"adult",356,"1","2024-06-26T21:34:51.659199Z","happy_faces","female",857,"/data/upload/7/1c012f69-image0001496.jpg",5.36,"2024-06-26T21:34:51.659231Z"
"teenager",357,"1","2024-06-26T21:34:56.625859Z","happy_faces","female",858,"/data/upload/7/b87c833a-image0001512.jpg",4.764,"2024-06-26T21:34:56.625893Z"
"adult",358,"1","2024-06-26T21:35:01.060568Z","happy_faces","female",859,"/data/upload/7/0ffbe5ab-image0001528.jpg",4.227,"2024-06-26T21:35:01.060600Z"
"senior",359,"1","2024-06-26T21:35:06.175894Z","happy_faces","female",860,"/data/upload/7/0ce78db9-image0001535.jpg",4.913,"2024-06-26T21:35:06.175928Z"
"child",360,"1","2024-06-26T21:35:10.293040Z","happy_faces","female",861,"/data/upload/7/1404ce4c-image0001541.jpg",3.913,"2024-06-26T21:35:10.293074Z"
"adult",361,"1","2024-06-26T21:35:18.260960Z","happy_faces","female",862,"/data/upload/7/b3d6e02a-image0001585.jpg",7.765,"2024-06-26T21:35:18.260991Z"
"age","annotation_id","annotator","created_at","expression","gender","id","image","lead_time","updated_at"
"child",362,"1","2024-06-26T22:08:21.035599Z","focused_faces","male",863,"/data/upload/8/92edee71-image0000002.jpg",5.988,"2024-06-26T22:08:21.035622Z"
"adult",363,"1","2024-06-26T22:08:25.684734Z","focused_faces","female",864,"/data/upload/8/8ba5ff5c-image0000021.jpg",4.501,"2024-06-26T22:08:25.684759Z"
"adult",364,"1","2024-06-26T22:08:30.910386Z","focused_faces","male",865,"/data/upload/8/a2fd445e-image0000025.jpg",5.068,"2024-06-26T22:08:30.910418Z"
"adult",365,"1","2024-06-26T22:08:36.350874Z","focused_faces","male",866,"/data/upload/8/1040280e-image0000031.jpg",5.281,"2024-06-26T22:08:36.350897Z"
"teenager",366,"1","2024-06-26T22:08:42.467208Z","focused_faces","female",867,"/data/upload/8/c7afb82d-image0000076.jpg",5.972,"2024-06-26T22:08:42.467234Z"
"teenager",367,"1","2024-06-26T22:08:46.700456Z","focused_faces","male",868,"/data/upload/8/73a69617-image0000088.jpg",4.083,"2024-06-26T22:08:46.700484Z"
"adult",368,"1","2024-06-26T22:08:50.765822Z","focused_faces","female",869,"/data/upload/8/49e38fe5-image0000090.jpg",3.922,"2024-06-26T22:08:50.765847Z"
"teenager",369,"1","2024-06-26T22:08:54.701868Z","focused_faces","female",870,"/data/upload/8/da26f9e7-image0000299.jpg",3.646,"2024-06-26T22:08:54.701912Z"
"adult",370,"1","2024-06-26T22:08:59.297214Z","focused_faces","male",871,"/data/upload/8/16a73103-image0000340.jpg",4.448,"2024-06-26T22:08:59.297239Z"
"adult",371,"1","2024-06-26T22:09:03.417338Z","focused_faces","male",872,"/data/upload/8/3c2c4f8d-image0000388.jpg",3.972,"2024-06-26T22:09:03.417363Z"
"adult",372,"1","2024-06-26T22:09:08.551398Z","focused_faces","female",873,"/data/upload/8/d942558f-image0000443.jpg",4.985,"2024-06-26T22:09:08.551422Z"
"adult",373,"1","2024-06-26T22:09:12.551171Z","focused_faces","male",874,"/data/upload/8/288c2688-image0000458.jpg",3.853,"2024-06-26T22:09:12.551193Z"
"adult",374,"1","2024-06-26T22:09:18.853023Z","focused_faces","male",875,"/data/upload/8/c751e9ad-image0000506.jpg",6.152,"2024-06-26T22:09:18.853056Z"
"adult",375,"1","2024-06-26T22:09:23.717456Z","focused_faces","female",876,"/data/upload/8/2f61914b-image0000632.jpg",4.691,"2024-06-26T22:09:23.717481Z"
"adult",376,"1","2024-06-26T22:09:30.482823Z","focused_faces","male",877,"/data/upload/8/abfc82d8-image0000673.jpg",6.618,"2024-06-26T22:09:30.482848Z"
"adult",377,"1","2024-06-26T22:09:34.501081Z","focused_faces","male",878,"/data/upload/8/8b5888d6-image0000678.jpg",3.87,"2024-06-26T22:09:34.501106Z"
"adult",378,"1","2024-06-26T22:09:38.297218Z","focused_faces","male",879,"/data/upload/8/2ba4eb4c-image0000753.jpg",3.649,"2024-06-26T22:09:38.297240Z"
"adult",379,"1","2024-06-26T22:09:42.434333Z","focused_faces","female",880,"/data/upload/8/a2741909-image0000838.jpg",3.991,"2024-06-26T22:09:42.434358Z"
"senior",380,"1","2024-06-26T22:09:47.416327Z","focused_faces","male",881,"/data/upload/8/1145cf5b-image0000881.jpg",4.83,"2024-06-26T22:09:47.416351Z"
"senior",381,"1","2024-06-26T22:09:51.565144Z","focused_faces","male",882,"/data/upload/8/457dc371-image0001024.jpg",3.997,"2024-06-26T22:09:51.565170Z"
"adult",382,"1","2024-06-26T22:09:55.899416Z","focused_faces","male",883,"/data/upload/8/645068a1-image0001027.jpg",4.189,"2024-06-26T22:09:55.899440Z"
"adult",383,"1","2024-06-26T22:17:31.760720Z","focused_faces","male",884,"/data/upload/8/4b16d143-image0001053.jpg",455.676,"2024-06-26T22:17:31.760745Z"
"adult",384,"1","2024-06-26T22:17:36.509381Z","focused_faces","male",885,"/data/upload/8/c9559a7d-image0001084.jpg",4.588,"2024-06-26T22:17:36.509406Z"
"adult",385,"1","2024-06-26T22:17:41.036736Z","focused_faces","male",886,"/data/upload/8/37127433-image0001090.jpg",4.358,"2024-06-26T22:17:41.036776Z"
"senior",386,"1","2024-06-26T22:17:45.876771Z","focused_faces","female",887,"/data/upload/8/2d723dfb-image0001094.jpg",4.668,"2024-06-26T22:17:45.876796Z"
"adult",387,"1","2024-06-26T22:17:50.677434Z","focused_faces","male",888,"/data/upload/8/833d8be5-image0001104.jpg",4.641,"2024-06-26T22:17:50.677461Z"
"child",388,"1","2024-06-26T22:17:54.593053Z","focused_faces","female",889,"/data/upload/8/23c3d3a2-image0001121.jpg",3.748,"2024-06-26T22:17:54.593080Z"
"teenager",389,"1","2024-06-26T22:17:59.060251Z","focused_faces","male",890,"/data/upload/8/b0375047-image0001123.jpg",4.306,"2024-06-26T22:17:59.060277Z"
"adult",390,"1","2024-06-26T22:19:55.307009Z","focused_faces","female",891,"/data/upload/8/5b86ff22-image0001141.jpg",116.052,"2024-06-26T22:19:55.307034Z"
"adult",391,"1","2024-06-26T22:20:00.190421Z","focused_faces","male",892,"/data/upload/8/882c2fcf-image0001166.jpg",4.719,"2024-06-26T22:20:00.190446Z"
"adult",392,"1","2024-06-26T22:20:04.138186Z","focused_faces","male",893,"/data/upload/8/2f052181-image0001182.jpg",3.789,"2024-06-26T22:20:04.138212Z"
"senior",393,"1","2024-06-26T22:20:08.306378Z","focused_faces","male",894,"/data/upload/8/a9f8dfdd-image0001200.jpg",4.009,"2024-06-26T22:20:08.306404Z"
"adult",394,"1","2024-06-26T22:20:14.605140Z","focused_faces","female",895,"/data/upload/8/a87fe91b-image0001312.jpg",6.144,"2024-06-26T22:20:14.605166Z"
"adult",395,"1","2024-06-26T22:20:21.472516Z","focused_faces","female",896,"/data/upload/8/08cb684a-image0001332.jpg",6.709,"2024-06-26T22:20:21.472542Z"
"adult",396,"1","2024-06-26T22:20:27.605848Z","focused_faces","female",897,"/data/upload/8/9938b565-image0001334.jpg",5.976,"2024-06-26T22:20:27.605875Z"
"adult",397,"1","2024-06-26T22:20:31.656426Z","focused_faces","female",898,"/data/upload/8/77b7e998-image0001394.jpg",3.891,"2024-06-26T22:20:31.656450Z"
"teenager",398,"1","2024-06-26T22:20:36.187724Z","focused_faces","female",899,"/data/upload/8/301043ac-image0001440.jpg",4.373,"2024-06-26T22:20:36.187750Z"
"teenager",399,"1","2024-06-26T22:20:40.737245Z","focused_faces","female",900,"/data/upload/8/8fc6d678-image0001544.jpg",4.399,"2024-06-26T22:20:40.737271Z"
"senior",400,"1","2024-06-26T22:20:46.005552Z","focused_faces","female",901,"/data/upload/8/61e8bd59-image0001572.jpg",5.108,"2024-06-26T22:20:46.005579Z"
"adult",401,"1","2024-06-26T22:20:51.687334Z","focused_faces","male",902,"/data/upload/8/6eb08308-image0001593.jpg",5.526,"2024-06-26T22:20:51.687360Z"
"adult",402,"1","2024-06-26T22:21:02.257257Z","focused_faces","female",903,"/data/upload/8/21c56800-image0001622.jpg",10.412,"2024-06-26T22:21:02.257281Z"
"adult",403,"1","2024-06-26T22:21:08.054047Z","focused_faces","female",904,"/data/upload/8/33391f7c-image0001681.jpg",5.635,"2024-06-26T22:21:08.054074Z"
"adult",404,"1","2024-06-26T22:21:12.819304Z","focused_faces","male",905,"/data/upload/8/d6293bd4-image0001682.jpg",4.612,"2024-06-26T22:21:12.819329Z"
"senior",405,"1","2024-06-26T22:21:17.787073Z","focused_faces","male",906,"/data/upload/8/4ff75ebe-image0001691.jpg",4.813,"2024-06-26T22:21:17.787100Z"
"senior",406,"1","2024-06-26T22:21:21.959026Z","focused_faces","male",907,"/data/upload/8/29eac28e-image0001754.jpg",4.008,"2024-06-26T22:21:21.959063Z"
"teenager",407,"1","2024-06-26T22:21:26.206576Z","focused_faces","male",908,"/data/upload/8/91d80c8c-image0001760.jpg",4.072,"2024-06-26T22:21:26.206607Z"
"adult",408,"1","2024-06-26T22:21:31.788260Z","focused_faces","male",909,"/data/upload/8/b9a58fcf-image0001764.jpg",5.424,"2024-06-26T22:21:31.788287Z"
"adult",409,"1","2024-06-26T22:21:36.508504Z","focused_faces","male",910,"/data/upload/8/a5df5c8b-image0001782.jpg",4.56,"2024-06-26T22:21:36.508534Z"
"adult",410,"1","2024-06-26T22:21:40.872926Z","focused_faces","male",911,"/data/upload/8/6f6afb12-image0001783.jpg",4.19,"2024-06-26T22:21:40.872950Z"
"adult",411,"1","2024-06-26T22:21:45.092617Z","focused_faces","male",912,"/data/upload/8/0d63b37f-image0001787.jpg",4.034,"2024-06-26T22:21:45.092644Z"
"teenager",412,"1","2024-06-26T22:21:53.587173Z","focused_faces","male",913,"/data/upload/8/ffa68cd7-image0001802.jpg",8.338,"2024-06-26T22:21:53.587197Z"
"teenager",413,"1","2024-06-26T22:22:01.489584Z","focused_faces","female",914,"/data/upload/8/2244f113-image0001803.jpg",7.736,"2024-06-26T22:22:01.489608Z"
"adult",414,"1","2024-06-26T22:22:06.703176Z","focused_faces","male",915,"/data/upload/8/a9c0432f-image0001822.jpg",5.047,"2024-06-26T22:22:06.703200Z"
"teenager",415,"1","2024-06-26T22:22:14.339244Z","focused_faces","male",916,"/data/upload/8/5c1a99dc-image0001825.jpg",7.473,"2024-06-26T22:22:14.339269Z"
"senior",416,"1","2024-06-26T22:22:18.402185Z","focused_faces","male",917,"/data/upload/8/2d599362-image0001829.jpg",3.902,"2024-06-26T22:22:18.402211Z"
"senior",417,"1","2024-06-26T22:22:25.569442Z","focused_faces","male",918,"/data/upload/8/e1b25fc2-image0001839.jpg",7.012,"2024-06-26T22:22:25.569470Z"
"adult",418,"1","2024-06-26T22:22:30.785679Z","focused_faces","male",919,"/data/upload/8/263ce520-image0001928.jpg",5.061,"2024-06-26T22:22:30.785704Z"
"child",419,"1","2024-06-26T22:22:35.535602Z","focused_faces","female",920,"/data/upload/8/69803746-image0001988.jpg",4.594,"2024-06-26T22:22:35.535626Z"
"senior",420,"1","2024-06-26T22:22:43.302057Z","focused_faces","male",921,"/data/upload/8/ae8fe073-image0002027.jpg",7.608,"2024-06-26T22:22:43.302132Z"
"teenager",421,"1","2024-06-26T22:22:57.305069Z","focused_faces","female",922,"/data/upload/8/2e98b34f-image0002065.jpg",13.841,"2024-06-26T22:22:57.305096Z"
"adult",422,"1","2024-06-26T22:23:05.504894Z","focused_faces","male",923,"/data/upload/8/83984737-image0002287.jpg",8.024,"2024-06-26T22:23:05.504920Z"
"adult",423,"1","2024-06-26T22:23:11.222556Z","focused_faces","female",924,"/data/upload/8/40aa31cf-image0002376.jpg",5.547,"2024-06-26T22:23:11.222582Z"
"adult",424,"1","2024-06-26T22:23:19.033002Z","focused_faces","female",925,"/data/upload/8/0266ded6-image0002394.jpg",7.653,"2024-06-26T22:23:19.033027Z"
"teenager",425,"1","2024-06-26T22:23:23.249030Z","focused_faces","female",926,"/data/upload/8/65bec656-image0002404.jpg",4.063,"2024-06-26T22:23:23.249053Z"
"adult",426,"1","2024-06-26T22:23:28.550890Z","focused_faces","female",927,"/data/upload/8/978cd777-image0002537.jpg",5.148,"2024-06-26T22:23:28.550914Z"
"senior",427,"1","2024-06-26T22:23:33.703667Z","focused_faces","male",928,"/data/upload/8/70f5433d-image0002658.jpg",4.996,"2024-06-26T22:23:33.703692Z"
"senior",428,"1","2024-06-26T22:23:39.084649Z","focused_faces","male",929,"/data/upload/8/033f9cc3-image0002700.jpg",5.221,"2024-06-26T22:23:39.084674Z"
"adult",429,"1","2024-06-26T22:23:44.270380Z","focused_faces","male",930,"/data/upload/8/0f6d77f0-image0002741.jpg",5.029,"2024-06-26T22:23:44.270405Z"
"adult",430,"1","2024-06-26T22:23:49.116179Z","focused_faces","male",931,"/data/upload/8/93a4cefa-image0002763.jpg",4.69,"2024-06-26T22:23:49.116203Z"
"adult",431,"1","2024-06-26T22:23:53.138885Z","focused_faces","female",932,"/data/upload/8/2f5e0978-image0002776.jpg",3.857,"2024-06-26T22:23:53.138914Z"
"teenager",432,"1","2024-06-26T22:23:57.166206Z","focused_faces","female",933,"/data/upload/8/3a896787-image0002781.jpg",3.87,"2024-06-26T22:23:57.166230Z"
"teenager",433,"1","2024-06-26T22:24:02.966936Z","focused_faces","male",934,"/data/upload/8/d9e925fa-image0002786.jpg",5.645,"2024-06-26T22:24:02.966960Z"
"teenager",434,"1","2024-06-26T22:24:07.850755Z","focused_faces","female",935,"/data/upload/8/b7a98221-image0002848.jpg",4.727,"2024-06-26T22:24:07.850780Z"
"adult",435,"1","2024-06-26T22:24:13.268371Z","focused_faces","male",936,"/data/upload/8/34a9ea8f-image0002880.jpg",5.252,"2024-06-26T22:24:13.268395Z"
"adult",436,"1","2024-06-26T22:24:17.549591Z","focused_faces","male",937,"/data/upload/8/88630eb8-image0002919.jpg",4.125,"2024-06-26T22:24:17.549616Z"
"senior",437,"1","2024-06-26T22:24:22.387557Z","focused_faces","male",938,"/data/upload/8/ba880a54-image0003029.jpg",4.678,"2024-06-26T22:24:22.387583Z"
"adult",438,"1","2024-06-26T22:24:37.569998Z","focused_faces","male",939,"/data/upload/8/355a1f03-image0003062.jpg",15.011,"2024-06-26T22:24:37.570022Z"
"adult",439,"1","2024-06-26T22:24:48.503781Z","focused_faces","male",940,"/data/upload/8/2f89b20a-image0003069.jpg",10.567,"2024-06-26T22:24:48.503825Z"
"adult",440,"1","2024-06-26T22:24:55.933504Z","focused_faces","male",941,"/data/upload/8/faebc9be-image0003076.jpg",7.221,"2024-06-26T22:24:55.933542Z"
"adult",441,"1","2024-06-26T22:25:00.533849Z","focused_faces","male",942,"/data/upload/8/8d003352-image0003104.jpg",4.439,"2024-06-26T22:25:00.533872Z"
"adult",442,"1","2024-06-26T22:25:08.199600Z","focused_faces","male",943,"/data/upload/8/b2bc5a14-image0003371.jpg",7.509,"2024-06-26T22:25:08.199625Z"
"adult",443,"1","2024-06-26T22:25:15.849415Z","focused_faces","male",944,"/data/upload/8/c45d7b25-image0003419.jpg",7.488,"2024-06-26T22:25:15.849440Z"
"senior",444,"1","2024-06-26T22:25:20.548546Z","focused_faces","male",945,"/data/upload/8/2a2024cf-image0003508.jpg",4.539,"2024-06-26T22:25:20.548569Z"
"adult",445,"1","2024-06-26T22:25:26.101524Z","focused_faces","male",946,"/data/upload/8/1a9c8db8-image0003557.jpg",5.376,"2024-06-26T22:25:26.101547Z"
"adult",446,"1","2024-06-26T22:25:34.767519Z","focused_faces","male",947,"/data/upload/8/f8f0de9e-image0003580.jpg",8.498,"2024-06-26T22:25:34.767543Z"
"adult",447,"1","2024-06-26T22:25:40.881657Z","focused_faces","female",948,"/data/upload/8/6c65ae36-image0003582.jpg",5.946,"2024-06-26T22:25:40.881681Z"
"adult",448,"1","2024-06-26T22:25:45.965398Z","focused_faces","female",949,"/data/upload/8/f137af6d-image0003586.jpg",4.928,"2024-06-26T22:25:45.965424Z"
"adult",449,"1","2024-06-26T22:25:50.982546Z","focused_faces","female",950,"/data/upload/8/7733b1a8-image0003592.jpg",4.857,"2024-06-26T22:25:50.982571Z"
"senior",450,"1","2024-06-26T22:25:57.899764Z","focused_faces","female",951,"/data/upload/8/d65ff9c6-image0003625.jpg",6.75,"2024-06-26T22:25:57.899787Z"
"adult",451,"1","2024-06-26T22:26:02.647505Z","focused_faces","male",952,"/data/upload/8/63bbbf29-image0003633.jpg",4.589,"2024-06-26T22:26:02.647530Z"
"adult",452,"1","2024-06-26T22:26:06.846792Z","focused_faces","male",953,"/data/upload/8/cc69ff32-image0003673.jpg",4.042,"2024-06-26T22:26:06.846817Z"
"adult",453,"1","2024-06-26T22:26:12.667218Z","focused_faces","male",954,"/data/upload/8/d6fb174b-image0003719.jpg",5.662,"2024-06-26T22:26:12.667242Z"
"senior",454,"1","2024-06-26T22:26:18.283316Z","focused_faces","male",955,"/data/upload/8/f06a4ed2-image0003768.jpg",5.452,"2024-06-26T22:26:18.283340Z"
"adult",455,"1","2024-06-26T22:26:22.432375Z","focused_faces","male",956,"/data/upload/8/2d3b8d47-image0003784.jpg",3.99,"2024-06-26T22:26:22.432400Z"
"adult",456,"1","2024-06-26T22:26:34.898729Z","focused_faces","male",957,"/data/upload/8/9b1b08f9-image0003787.jpg",12.306,"2024-06-26T22:26:34.898754Z"
"senior",457,"1","2024-06-26T22:26:40.214627Z","focused_faces","female",958,"/data/upload/8/a27730da-image0003818.jpg",5.152,"2024-06-26T22:26:40.214651Z"
"adult",458,"1","2024-06-26T22:26:52.657050Z","focused_faces","male",959,"/data/upload/8/9b4a37fd-image0003942.jpg",12.274,"2024-06-26T22:26:52.657077Z"
"adult",459,"1","2024-06-26T22:26:56.896770Z","focused_faces","female",960,"/data/upload/8/7148ebd4-image0004000.jpg",4.067,"2024-06-26T22:26:56.896794Z"
"adult",460,"1","2024-06-26T22:27:01.779840Z","focused_faces","male",961,"/data/upload/8/ab44796c-image0004001.jpg",4.723,"2024-06-26T22:27:01.779865Z"
"adult",461,"1","2024-06-26T22:27:06.533341Z","focused_faces","male",962,"/data/upload/8/b534b4af-image0004158.jpg",4.589,"2024-06-26T22:27:06.533368Z"